SKU,PART_CD,COLOR_CD,SIZE_CD,SHOP_ID,ALLOCATED_QTY,SUPPLY_QTY,SKU_TYPE,STEP1_ASSIGNED
DMDJ85046_BGD_95,DMDJ85046,BGD,95,30019,103,230,abundant,0
DMDJ85046_BGD_95,DMDJ85046,BGD,95,10096,127,230,abundant,0
DMDJ85046_BGD_100,DMDJ85046,BGD,100,30024,186,400,abundant,0
DMDJ85046_BGD_100,DMDJ85046,BGD,100,10056,63,400,abundant,0
DMDJ85046_BGD_100,DMDJ85046,BGD,100,50057,151,400,abundant,0
DMDJ85046_BGD_105,DMDJ85046,BGD,105,30019,270,270,abundant,0
DMDJ85046_BGD_110,DMDJ85046,BGD,110,10053,100,100,abundant,0
DMDJ85046_BKS_95,DMDJ85046,BKS,95,30019,360,360,abundant,0
DMDJ85046_BKS_100,DMDJ85046,BKS,100,30019,467,920,abundant,0
DMDJ85046_BKS_100,DMDJ85046,BKS,100,50126,453,920,abundant,0
DMDJ85046_BKS_105,DMDJ85046,BKS,105,30019,800,800,abundant,0
DMDJ85046_BKS_110,DMDJ85046,BKS,110,30019,53,420,abundant,0
DMDJ85046_BKS_110,DMDJ85046,BKS,110,10077,367,420,abundant,0
DMDJ85046_IVD_95,DMDJ85046,IVD,95,10057,230,230,abundant,0
DMDJ85046_IVD_100,DMDJ85046,IVD,100,50180,400,400,abundant,0
DMDJ85046_IVD_105,DMDJ85046,IVD,105,50121,270,270,abundant,0
DMDJ85046_IVD_110,DMDJ85046,IVD,110,30019,100,100,abundant,0
DWDJ68046_BKS_85,DWDJ68046,BKS,85,30019,2126,2870,abundant,0
DWDJ68046_BKS_85,DWDJ68046,BKS,85,50186,347,2870,abundant,0
DWDJ68046_BKS_85,DWDJ68046,BKS,85,30031,397,2870,abundant,0
DWDJ68046_BKS_90,DWDJ68046,BKS,90,30019,7371,9820,abundant,0
DWDJ68046_BKS_90,DWDJ68046,BKS,90,30045,497,9820,abundant,0
DWDJ68046_BKS_90,DWDJ68046,BKS,90,50096,496,9820,abundant,0
DWDJ68046_BKS_90,DWDJ68046,BKS,90,30046,496,9820,abundant,0
DWDJ68046_BKS_90,DWDJ68046,BKS,90,10044,463,9820,abundant,0
DWDJ68046_BKS_90,DWDJ68046,BKS,90,50007,497,9820,abundant,0
DWDJ68046_BKS_95,DWDJ68046,BKS,95,30019,12283,12780,abundant,0
DWDJ68046_BKS_95,DWDJ68046,BKS,95,50098,497,12780,abundant,0
DWDJ68046_BKS_100,DWDJ68046,BKS,100,30019,5014,5400,abundant,0
DWDJ68046_BKS_100,DWDJ68046,BKS,100,50023,386,5400,abundant,0
DWDJ68046_BKS_105,DWDJ68046,BKS,105,30019,137,1130,abundant,0
DWDJ68046_BKS_105,DWDJ68046,BKS,105,10075,497,1130,abundant,0
DWDJ68046_BKS_105,DWDJ68046,BKS,105,50146,496,1130,abundant,0
DWDJ68046_GRD_85,DWDJ68046,GRD,85,30019,180,180,abundant,0
DWDJ68046_GRD_90,DWDJ68046,GRD,90,30019,614,630,abundant,0
DWDJ68046_GRD_90,DWDJ68046,GRD,90,10035,16,630,abundant,0
DWDJ68046_GRD_95,DWDJ68046,GRD,95,30019,810,810,abundant,0
DWDJ68046_GRD_100,DWDJ68046,GRD,100,30024,23,380,abundant,0
DWDJ68046_GRD_100,DWDJ68046,GRD,100,10025,357,380,abundant,0
DWDJ68046_GRL_85,DWDJ68046,GRL,85,30019,200,200,abundant,0
DWDJ68046_GRL_90,DWDJ68046,GRL,90,30035,96,630,abundant,0
DWDJ68046_GRL_90,DWDJ68046,GRL,90,30039,37,630,abundant,0
DWDJ68046_GRL_90,DWDJ68046,GRL,90,30034,497,630,abundant,0
DWDJ68046_GRL_95,DWDJ68046,GRL,95,30038,497,810,abundant,0
DWDJ68046_GRL_95,DWDJ68046,GRL,95,50121,227,810,abundant,0
DWDJ68046_GRL_95,DWDJ68046,GRL,95,50106,86,810,abundant,0
DWDJ68046_GRL_100,DWDJ68046,GRL,100,30019,118,360,abundant,0
DWDJ68046_GRL_100,DWDJ68046,GRL,100,30016,27,360,abundant,0
DWDJ68046_GRL_100,DWDJ68046,GRL,100,30024,215,360,abundant,0
DWDJ68046_IVD_85,DWDJ68046,IVD,85,50162,123,440,abundant,0
DWDJ68046_IVD_85,DWDJ68046,IVD,85,50106,317,440,abundant,0
DWDJ68046_IVD_90,DWDJ68046,IVD,90,10070,514,1430,abundant,0
DWDJ68046_IVD_90,DWDJ68046,IVD,90,30053,266,1430,abundant,0
DWDJ68046_IVD_90,DWDJ68046,IVD,90,10046,497,1430,abundant,0
DWDJ68046_IVD_90,DWDJ68046,IVD,90,50207,153,1430,abundant,0
DWDJ68046_IVD_95,DWDJ68046,IVD,95,30019,1103,1600,abundant,0
DWDJ68046_IVD_95,DWDJ68046,IVD,95,50179,497,1600,abundant,0
DWDJ68046_IVD_100,DWDJ68046,IVD,100,30023,496,530,abundant,0
DWDJ68046_IVD_100,DWDJ68046,IVD,100,10044,34,530,abundant,0
DWDJ68046_WHS_85,DWDJ68046,WHS,85,30011,233,460,abundant,0
DWDJ68046_WHS_85,DWDJ68046,WHS,85,30033,227,460,abundant,0
DWDJ68046_WHS_90,DWDJ68046,WHS,90,30019,1413,1560,abundant,0
DWDJ68046_WHS_90,DWDJ68046,WHS,90,10079,147,1560,abundant,0
DWDJ68046_WHS_95,DWDJ68046,WHS,95,30019,322,1550,abundant,0
DWDJ68046_WHS_95,DWDJ68046,WHS,95,30051,497,1550,abundant,0
DWDJ68046_WHS_95,DWDJ68046,WHS,95,50210,387,1550,abundant,0
DWDJ68046_WHS_95,DWDJ68046,WHS,95,50207,344,1550,abundant,0
DWDJ68046_WHS_100,DWDJ68046,WHS,100,30019,334,430,abundant,0
DWDJ68046_WHS_100,DWDJ68046,WHS,100,30011,58,430,abundant,0
DWDJ68046_WHS_100,DWDJ68046,WHS,100,10057,38,430,abundant,0
DWDJ8P046_BGL_85,DWDJ8P046,BGL,85,10050,170,740,abundant,0
DWDJ8P046_BGL_85,DWDJ8P046,BGL,85,30024,73,740,abundant,0
DWDJ8P046_BGL_85,DWDJ8P046,BGL,85,10078,497,740,abundant,0
DWDJ8P046_BGL_90,DWDJ8P046,BGL,90,30019,303,2080,abundant,0
DWDJ8P046_BGL_90,DWDJ8P046,BGL,90,10007,507,2080,abundant,0
DWDJ8P046_BGL_90,DWDJ8P046,BGL,90,10018,376,2080,abundant,0
DWDJ8P046_BGL_90,DWDJ8P046,BGL,90,50077,397,2080,abundant,0
DWDJ8P046_BGL_90,DWDJ8P046,BGL,90,50063,497,2080,abundant,0
DWDJ8P046_BGL_95,DWDJ8P046,BGL,95,30019,2040,2040,abundant,0
DWDJ8P046_BGL_100,DWDJ8P046,BGL,100,30020,497,1140,abundant,0
DWDJ8P046_BGL_100,DWDJ8P046,BGL,100,10043,297,1140,abundant,0
DWDJ8P046_BGL_100,DWDJ8P046,BGL,100,50057,346,1140,abundant,0
DWDJ8P046_BKS_85,DWDJ8P046,BKS,85,30032,490,490,abundant,0
DWDJ8P046_BKS_90,DWDJ8P046,BKS,90,30019,979,1930,abundant,0
DWDJ8P046_BKS_90,DWDJ8P046,BKS,90,10068,496,1930,abundant,0
DWDJ8P046_BKS_90,DWDJ8P046,BKS,90,50053,68,1930,abundant,0
DWDJ8P046_BKS_90,DWDJ8P046,BKS,90,50134,387,1930,abundant,0
DWDJ8P046_BKS_95,DWDJ8P046,BKS,95,30019,3170,3170,abundant,0
DWDJ8P046_BKS_100,DWDJ8P046,BKS,100,30019,2014,2410,abundant,0
DWDJ8P046_BKS_100,DWDJ8P046,BKS,100,10053,396,2410,abundant,0
DWDJ8P046_IVS_85,DWDJ8P046,IVS,85,30019,1090,1090,abundant,0
DWDJ8P046_IVS_90,DWDJ8P046,IVS,90,30019,3260,3260,abundant,0
DWDJ8P046_IVS_95,DWDJ8P046,IVS,95,30019,2818,3330,abundant,0
DWDJ8P046_IVS_95,DWDJ8P046,IVS,95,30043,16,3330,abundant,0
DWDJ8P046_IVS_95,DWDJ8P046,IVS,95,10023,496,3330,abundant,0
DWDJ8P046_IVS_100,DWDJ8P046,IVS,100,50101,497,1320,abundant,0
DWDJ8P046_IVS_100,DWDJ8P046,IVS,100,10038,496,1320,abundant,0
DWDJ8P046_IVS_100,DWDJ8P046,IVS,100,10059,327,1320,abundant,0
DWDJ8P046_SIL_85,DWDJ8P046,SIL,85,30019,180,180,abundant,0
DWDJ8P046_SIL_90,DWDJ8P046,SIL,90,30039,43,540,abundant,0
DWDJ8P046_SIL_90,DWDJ8P046,SIL,90,50074,497,540,abundant,0
DWDJ8P046_SIL_95,DWDJ8P046,SIL,95,10097,496,540,abundant,0
DWDJ8P046_SIL_95,DWDJ8P046,SIL,95,50126,44,540,abundant,0
DWDJ8P046_SIL_100,DWDJ8P046,SIL,100,30019,240,240,abundant,0
DWDJ8P046_VOS_85,DWDJ8P046,VOS,85,30019,110,110,abundant,0
DWDJ8P046_VOS_90,DWDJ8P046,VOS,90,30015,300,300,abundant,0
DWDJ8P046_VOS_95,DWDJ8P046,VOS,95,30041,360,360,abundant,0
DWDJ8P046_VOS_100,DWDJ8P046,VOS,100,30053,230,230,abundant,0
DWLG42044_BKS_XS,DWLG42044,BKS,XS,30040,1,70,scarce,1
DWLG42044_BKS_XS,DWLG42044,BKS,XS,30025,1,70,scarce,1
DWLG42044_BKS_XS,DWLG42044,BKS,XS,10050,1,70,scarce,1
DWLG42044_BKS_XS,DWLG42044,BKS,XS,30019,1,70,scarce,1
DWLG42044_BKS_XS,DWLG42044,BKS,XS,10070,1,70,scarce,1
DWLG42044_BKS_XS,DWLG42044,BKS,XS,30032,1,70,scarce,1
DWLG42044_BKS_XS,DWLG42044,BKS,XS,30042,1,70,scarce,1
DWLG42044_BKS_XS,DWLG42044,BKS,XS,30045,1,70,scarce,1
DWLG42044_BKS_XS,DWLG42044,BKS,XS,10018,1,70,scarce,1
DWLG42044_BKS_XS,DWLG42044,BKS,XS,30051,1,70,scarce,1
DWLG42044_BKS_XS,DWLG42044,BKS,XS,30035,1,70,scarce,1
DWLG42044_BKS_XS,DWLG42044,BKS,XS,50077,1,70,scarce,1
DWLG42044_BKS_XS,DWLG42044,BKS,XS,30011,1,70,scarce,1
DWLG42044_BKS_XS,DWLG42044,BKS,XS,30007,1,70,scarce,1
DWLG42044_BKS_XS,DWLG42044,BKS,XS,50195,1,70,scarce,1
DWLG42044_BKS_XS,DWLG42044,BKS,XS,50185,1,70,scarce,1
DWLG42044_BKS_XS,DWLG42044,BKS,XS,30023,1,70,scarce,1
DWLG42044_BKS_XS,DWLG42044,BKS,XS,50096,1,70,scarce,1
DWLG42044_BKS_XS,DWLG42044,BKS,XS,50001,1,70,scarce,1
DWLG42044_BKS_XS,DWLG42044,BKS,XS,30024,1,70,scarce,1
DWLG42044_BKS_XS,DWLG42044,BKS,XS,50023,1,70,scarce,1
DWLG42044_BKS_XS,DWLG42044,BKS,XS,10061,1,70,scarce,1
DWLG42044_BKS_XS,DWLG42044,BKS,XS,10069,1,70,scarce,1
DWLG42044_BKS_XS,DWLG42044,BKS,XS,30020,1,70,scarce,1
DWLG42044_BKS_XS,DWLG42044,BKS,XS,10047,1,70,scarce,1
DWLG42044_BKS_XS,DWLG42044,BKS,XS,30046,1,70,scarce,1
DWLG42044_BKS_XS,DWLG42044,BKS,XS,10096,1,70,scarce,1
DWLG42044_BKS_XS,DWLG42044,BKS,XS,30053,1,70,scarce,1
DWLG42044_BKS_XS,DWLG42044,BKS,XS,10068,1,70,scarce,1
DWLG42044_BKS_XS,DWLG42044,BKS,XS,50065,1,70,scarce,1
DWLG42044_BKS_XS,DWLG42044,BKS,XS,10056,1,70,scarce,1
DWLG42044_BKS_XS,DWLG42044,BKS,XS,10025,1,70,scarce,1
DWLG42044_BKS_XS,DWLG42044,BKS,XS,10075,1,70,scarce,1
DWLG42044_BKS_XS,DWLG42044,BKS,XS,10064,1,70,scarce,1
DWLG42044_BKS_XS,DWLG42044,BKS,XS,10003,1,70,scarce,1
DWLG42044_BKS_XS,DWLG42044,BKS,XS,30054,1,70,scarce,1
DWLG42044_BKS_XS,DWLG42044,BKS,XS,10011,1,70,scarce,1
DWLG42044_BKS_XS,DWLG42044,BKS,XS,30010,1,70,scarce,1
DWLG42044_BKS_XS,DWLG42044,BKS,XS,50193,1,70,scarce,1
DWLG42044_BKS_XS,DWLG42044,BKS,XS,10087,1,70,scarce,1
DWLG42044_BKS_XS,DWLG42044,BKS,XS,10097,1,70,scarce,1
DWLG42044_BKS_XS,DWLG42044,BKS,XS,10046,1,70,scarce,1
DWLG42044_BKS_XS,DWLG42044,BKS,XS,50186,1,70,scarce,1
DWLG42044_BKS_XS,DWLG42044,BKS,XS,10021,1,70,scarce,1
DWLG42044_BKS_XS,DWLG42044,BKS,XS,50101,1,70,scarce,1
DWLG42044_BKS_XS,DWLG42044,BKS,XS,50126,1,70,scarce,1
DWLG42044_BKS_XS,DWLG42044,BKS,XS,30043,1,70,scarce,1
DWLG42044_BKS_XS,DWLG42044,BKS,XS,50146,1,70,scarce,1
DWLG42044_BKS_XS,DWLG42044,BKS,XS,10091,1,70,scarce,1
DWLG42044_BKS_XS,DWLG42044,BKS,XS,50207,1,70,scarce,1
DWLG42044_BKS_XS,DWLG42044,BKS,XS,10035,1,70,scarce,1
DWLG42044_BKS_XS,DWLG42044,BKS,XS,50162,1,70,scarce,1
DWLG42044_BKS_XS,DWLG42044,BKS,XS,30034,1,70,scarce,1
DWLG42044_BKS_XS,DWLG42044,BKS,XS,30031,1,70,scarce,1
DWLG42044_BKS_XS,DWLG42044,BKS,XS,10038,1,70,scarce,1
DWLG42044_BKS_XS,DWLG42044,BKS,XS,50121,1,70,scarce,1
DWLG42044_BKS_XS,DWLG42044,BKS,XS,50179,1,70,scarce,1
DWLG42044_BKS_XS,DWLG42044,BKS,XS,10044,1,70,scarce,1
DWLG42044_BKS_XS,DWLG42044,BKS,XS,10063,1,70,scarce,1
DWLG42044_BKS_XS,DWLG42044,BKS,XS,10078,1,70,scarce,1
DWLG42044_BKS_XS,DWLG42044,BKS,XS,10023,1,70,scarce,1
DWLG42044_BKS_XS,DWLG42044,BKS,XS,50134,1,70,scarce,1
DWLG42044_BKS_XS,DWLG42044,BKS,XS,10053,1,70,scarce,1
DWLG42044_BKS_XS,DWLG42044,BKS,XS,50007,1,70,scarce,1
DWLG42044_BKS_XS,DWLG42044,BKS,XS,30028,1,70,scarce,1
DWLG42044_BKS_XS,DWLG42044,BKS,XS,30022,1,70,scarce,1
DWLG42044_BKS_XS,DWLG42044,BKS,XS,10059,1,70,scarce,1
DWLG42044_BKS_XS,DWLG42044,BKS,XS,10043,1,70,scarce,1
DWLG42044_BKS_XS,DWLG42044,BKS,XS,30015,1,70,scarce,1
DWLG42044_BKS_XS,DWLG42044,BKS,XS,50057,1,70,scarce,1
DWLG42044_BKS_S,DWLG42044,BKS,S,30019,190,190,abundant,0
DWLG42044_BKS_M,DWLG42044,BKS,M,50118,440,440,abundant,0
DWLG42044_BKS_L,DWLG42044,BKS,L,30011,206,300,abundant,0
DWLG42044_BKS_L,DWLG42044,BKS,L,50106,94,300,abundant,0
DWLG42044_KAD_XS,DWLG42044,KAD,XS,10050,1,60,scarce,1
DWLG42044_KAD_XS,DWLG42044,KAD,XS,30019,1,60,scarce,1
DWLG42044_KAD_XS,DWLG42044,KAD,XS,30041,1,60,scarce,1
DWLG42044_KAD_XS,DWLG42044,KAD,XS,10007,1,60,scarce,1
DWLG42044_KAD_XS,DWLG42044,KAD,XS,30038,1,60,scarce,1
DWLG42044_KAD_XS,DWLG42044,KAD,XS,30044,1,60,scarce,1
DWLG42044_KAD_XS,DWLG42044,KAD,XS,30032,1,60,scarce,1
DWLG42044_KAD_XS,DWLG42044,KAD,XS,30042,1,60,scarce,1
DWLG42044_KAD_XS,DWLG42044,KAD,XS,10018,1,60,scarce,1
DWLG42044_KAD_XS,DWLG42044,KAD,XS,30035,1,60,scarce,1
DWLG42044_KAD_XS,DWLG42044,KAD,XS,30039,1,60,scarce,1
DWLG42044_KAD_XS,DWLG42044,KAD,XS,30016,1,60,scarce,1
DWLG42044_KAD_XS,DWLG42044,KAD,XS,50195,1,60,scarce,1
DWLG42044_KAD_XS,DWLG42044,KAD,XS,50185,1,60,scarce,1
DWLG42044_KAD_XS,DWLG42044,KAD,XS,30023,1,60,scarce,1
DWLG42044_KAD_XS,DWLG42044,KAD,XS,50096,1,60,scarce,1
DWLG42044_KAD_XS,DWLG42044,KAD,XS,50023,1,60,scarce,1
DWLG42044_KAD_XS,DWLG42044,KAD,XS,30049,1,60,scarce,1
DWLG42044_KAD_XS,DWLG42044,KAD,XS,10069,1,60,scarce,1
DWLG42044_KAD_XS,DWLG42044,KAD,XS,30046,1,60,scarce,1
DWLG42044_KAD_XS,DWLG42044,KAD,XS,30053,1,60,scarce,1
DWLG42044_KAD_XS,DWLG42044,KAD,XS,50089,1,60,scarce,1
DWLG42044_KAD_XS,DWLG42044,KAD,XS,10068,1,60,scarce,1
DWLG42044_KAD_XS,DWLG42044,KAD,XS,10077,1,60,scarce,1
DWLG42044_KAD_XS,DWLG42044,KAD,XS,50065,1,60,scarce,1
DWLG42044_KAD_XS,DWLG42044,KAD,XS,10056,1,60,scarce,1
DWLG42044_KAD_XS,DWLG42044,KAD,XS,30054,1,60,scarce,1
DWLG42044_KAD_XS,DWLG42044,KAD,XS,30033,1,60,scarce,1
DWLG42044_KAD_XS,DWLG42044,KAD,XS,50210,1,60,scarce,1
DWLG42044_KAD_XS,DWLG42044,KAD,XS,50118,1,60,scarce,1
DWLG42044_KAD_XS,DWLG42044,KAD,XS,10087,1,60,scarce,1
DWLG42044_KAD_XS,DWLG42044,KAD,XS,10097,1,60,scarce,1
DWLG42044_KAD_XS,DWLG42044,KAD,XS,50074,1,60,scarce,1
DWLG42044_KAD_XS,DWLG42044,KAD,XS,10021,1,60,scarce,1
DWLG42044_KAD_XS,DWLG42044,KAD,XS,50205,1,60,scarce,1
DWLG42044_KAD_XS,DWLG42044,KAD,XS,10027,1,60,scarce,1
DWLG42044_KAD_XS,DWLG42044,KAD,XS,30037,1,60,scarce,1
DWLG42044_KAD_XS,DWLG42044,KAD,XS,10055,1,60,scarce,1
DWLG42044_KAD_XS,DWLG42044,KAD,XS,10057,1,60,scarce,1
DWLG42044_KAD_XS,DWLG42044,KAD,XS,30043,1,60,scarce,1
DWLG42044_KAD_XS,DWLG42044,KAD,XS,10009,1,60,scarce,1
DWLG42044_KAD_XS,DWLG42044,KAD,XS,50146,1,60,scarce,1
DWLG42044_KAD_XS,DWLG42044,KAD,XS,10091,1,60,scarce,1
DWLG42044_KAD_XS,DWLG42044,KAD,XS,10035,1,60,scarce,1
DWLG42044_KAD_XS,DWLG42044,KAD,XS,50098,1,60,scarce,1
DWLG42044_KAD_XS,DWLG42044,KAD,XS,30030,1,60,scarce,1
DWLG42044_KAD_XS,DWLG42044,KAD,XS,50162,1,60,scarce,1
DWLG42044_KAD_XS,DWLG42044,KAD,XS,10038,1,60,scarce,1
DWLG42044_KAD_XS,DWLG42044,KAD,XS,50180,1,60,scarce,1
DWLG42044_KAD_XS,DWLG42044,KAD,XS,10060,1,60,scarce,1
DWLG42044_KAD_XS,DWLG42044,KAD,XS,50063,1,60,scarce,1
DWLG42044_KAD_XS,DWLG42044,KAD,XS,50120,1,60,scarce,1
DWLG42044_KAD_XS,DWLG42044,KAD,XS,50053,1,60,scarce,1
DWLG42044_KAD_XS,DWLG42044,KAD,XS,10023,1,60,scarce,1
DWLG42044_KAD_XS,DWLG42044,KAD,XS,50106,1,60,scarce,1
DWLG42044_KAD_XS,DWLG42044,KAD,XS,10053,1,60,scarce,1
DWLG42044_KAD_XS,DWLG42044,KAD,XS,50151,1,60,scarce,1
DWLG42044_KAD_XS,DWLG42044,KAD,XS,10004,1,60,scarce,1
DWLG42044_KAD_XS,DWLG42044,KAD,XS,10079,1,60,scarce,1
DWLG42044_KAD_XS,DWLG42044,KAD,XS,30015,1,60,scarce,1
DWLG42044_KAD_S,DWLG42044,KAD,S,30019,180,180,abundant,0
DWLG42044_KAD_M,DWLG42044,KAD,M,30019,360,360,abundant,0
DWLG42044_KAD_L,DWLG42044,KAD,L,10043,200,200,abundant,0
DXDJ8C046_BES_90,DXDJ8C046,BES,90,50210,110,110,abundant,0
DXDJ8C046_BES_95,DXDJ8C046,BES,95,10079,350,350,abundant,0
DXDJ8C046_BES_100,DXDJ8C046,BES,100,30019,74,570,abundant,0
DXDJ8C046_BES_100,DXDJ8C046,BES,100,10069,496,570,abundant,0
DXDJ8C046_BES_105,DXDJ8C046,BES,105,30019,430,430,abundant,0
DXDJ8C046_BES_110,DXDJ8C046,BES,110,30019,140,140,abundant,0
DXDJ8C046_BKN_90,DXDJ8C046,BKN,90,50186,150,150,abundant,0
DXDJ8C046_BKN_95,DXDJ8C046,BKN,95,30019,490,490,abundant,0
DXDJ8C046_BKN_100,DXDJ8C046,BKN,100,30019,284,780,abundant,0
DXDJ8C046_BKN_100,DXDJ8C046,BKN,100,50185,496,780,abundant,0
DXDJ8C046_BKN_105,DXDJ8C046,BKN,105,10061,497,630,abundant,0
DXDJ8C046_BKN_105,DXDJ8C046,BKN,105,30015,133,630,abundant,0
DXDJ8C046_BKN_110,DXDJ8C046,BKN,110,30019,250,250,abundant,0
DXDJ8C046_BKN_92,DXDJ8C046,BKN,92,30019,100,100,abundant,0
DXDJ8C046_BKP_90,DXDJ8C046,BKP,90,30019,1,40,scarce,1
DXDJ8C046_BKP_90,DXDJ8C046,BKP,90,10070,1,40,scarce,1
DXDJ8C046_BKP_90,DXDJ8C046,BKP,90,10007,1,40,scarce,1
DXDJ8C046_BKP_90,DXDJ8C046,BKP,90,30038,1,40,scarce,1
DXDJ8C046_BKP_90,DXDJ8C046,BKP,90,30044,1,40,scarce,1
DXDJ8C046_BKP_90,DXDJ8C046,BKP,90,30032,1,40,scarce,1
DXDJ8C046_BKP_90,DXDJ8C046,BKP,90,30016,1,40,scarce,1
DXDJ8C046_BKP_90,DXDJ8C046,BKP,90,50077,1,40,scarce,1
DXDJ8C046_BKP_90,DXDJ8C046,BKP,90,30023,1,40,scarce,1
DXDJ8C046_BKP_90,DXDJ8C046,BKP,90,50096,1,40,scarce,1
DXDJ8C046_BKP_90,DXDJ8C046,BKP,90,30020,1,40,scarce,1
DXDJ8C046_BKP_90,DXDJ8C046,BKP,90,30046,1,40,scarce,1
DXDJ8C046_BKP_90,DXDJ8C046,BKP,90,10096,1,40,scarce,1
DXDJ8C046_BKP_90,DXDJ8C046,BKP,90,50089,1,40,scarce,1
DXDJ8C046_BKP_90,DXDJ8C046,BKP,90,10068,1,40,scarce,1
DXDJ8C046_BKP_90,DXDJ8C046,BKP,90,10075,1,40,scarce,1
DXDJ8C046_BKP_90,DXDJ8C046,BKP,90,10064,1,40,scarce,1
DXDJ8C046_BKP_90,DXDJ8C046,BKP,90,10003,1,40,scarce,1
DXDJ8C046_BKP_90,DXDJ8C046,BKP,90,30033,1,40,scarce,1
DXDJ8C046_BKP_90,DXDJ8C046,BKP,90,30010,1,40,scarce,1
DXDJ8C046_BKP_90,DXDJ8C046,BKP,90,50118,1,40,scarce,1
DXDJ8C046_BKP_90,DXDJ8C046,BKP,90,50074,1,40,scarce,1
DXDJ8C046_BKP_90,DXDJ8C046,BKP,90,50205,1,40,scarce,1
DXDJ8C046_BKP_90,DXDJ8C046,BKP,90,10055,1,40,scarce,1
DXDJ8C046_BKP_90,DXDJ8C046,BKP,90,50126,1,40,scarce,1
DXDJ8C046_BKP_90,DXDJ8C046,BKP,90,30043,1,40,scarce,1
DXDJ8C046_BKP_90,DXDJ8C046,BKP,90,10009,1,40,scarce,1
DXDJ8C046_BKP_90,DXDJ8C046,BKP,90,50207,1,40,scarce,1
DXDJ8C046_BKP_90,DXDJ8C046,BKP,90,10035,1,40,scarce,1
DXDJ8C046_BKP_90,DXDJ8C046,BKP,90,50098,1,40,scarce,1
DXDJ8C046_BKP_90,DXDJ8C046,BKP,90,30030,1,40,scarce,1
DXDJ8C046_BKP_90,DXDJ8C046,BKP,90,30034,1,40,scarce,1
DXDJ8C046_BKP_90,DXDJ8C046,BKP,90,10038,1,40,scarce,1
DXDJ8C046_BKP_90,DXDJ8C046,BKP,90,50180,1,40,scarce,1
DXDJ8C046_BKP_90,DXDJ8C046,BKP,90,50121,1,40,scarce,1
DXDJ8C046_BKP_90,DXDJ8C046,BKP,90,50063,1,40,scarce,1
DXDJ8C046_BKP_90,DXDJ8C046,BKP,90,50120,1,40,scarce,1
DXDJ8C046_BKP_90,DXDJ8C046,BKP,90,50179,1,40,scarce,1
DXDJ8C046_BKP_90,DXDJ8C046,BKP,90,50106,1,40,scarce,1
DXDJ8C046_BKP_90,DXDJ8C046,BKP,90,10053,1,40,scarce,1
DXDJ8C046_BKP_95,DXDJ8C046,BKP,95,50134,110,110,abundant,0
DXDJ8C046_BKP_100,DXDJ8C046,BKP,100,30019,160,160,abundant,0
DXDJ8C046_BKP_105,DXDJ8C046,BKP,105,30019,130,130,abundant,0
DXDJ8C046_BKP_110,DXDJ8C046,BKP,110,30040,1,60,scarce,1
DXDJ8C046_BKP_110,DXDJ8C046,BKP,110,30025,1,60,scarce,1
DXDJ8C046_BKP_110,DXDJ8C046,BKP,110,10050,1,60,scarce,1
DXDJ8C046_BKP_110,DXDJ8C046,BKP,110,30041,1,60,scarce,1
DXDJ8C046_BKP_110,DXDJ8C046,BKP,110,30042,1,60,scarce,1
DXDJ8C046_BKP_110,DXDJ8C046,BKP,110,30045,1,60,scarce,1
DXDJ8C046_BKP_110,DXDJ8C046,BKP,110,10018,1,60,scarce,1
DXDJ8C046_BKP_110,DXDJ8C046,BKP,110,30051,1,60,scarce,1
DXDJ8C046_BKP_110,DXDJ8C046,BKP,110,30035,1,60,scarce,1
DXDJ8C046_BKP_110,DXDJ8C046,BKP,110,30039,1,60,scarce,1
DXDJ8C046_BKP_110,DXDJ8C046,BKP,110,30011,1,60,scarce,1
DXDJ8C046_BKP_110,DXDJ8C046,BKP,110,30007,1,60,scarce,1
DXDJ8C046_BKP_110,DXDJ8C046,BKP,110,50195,1,60,scarce,1
DXDJ8C046_BKP_110,DXDJ8C046,BKP,110,50185,1,60,scarce,1
DXDJ8C046_BKP_110,DXDJ8C046,BKP,110,50001,1,60,scarce,1
DXDJ8C046_BKP_110,DXDJ8C046,BKP,110,30024,1,60,scarce,1
DXDJ8C046_BKP_110,DXDJ8C046,BKP,110,50023,1,60,scarce,1
DXDJ8C046_BKP_110,DXDJ8C046,BKP,110,10061,1,60,scarce,1
DXDJ8C046_BKP_110,DXDJ8C046,BKP,110,30049,1,60,scarce,1
DXDJ8C046_BKP_110,DXDJ8C046,BKP,110,10069,1,60,scarce,1
DXDJ8C046_BKP_110,DXDJ8C046,BKP,110,10047,1,60,scarce,1
DXDJ8C046_BKP_110,DXDJ8C046,BKP,110,30053,1,60,scarce,1
DXDJ8C046_BKP_110,DXDJ8C046,BKP,110,10077,1,60,scarce,1
DXDJ8C046_BKP_110,DXDJ8C046,BKP,110,50065,1,60,scarce,1
DXDJ8C046_BKP_110,DXDJ8C046,BKP,110,10056,1,60,scarce,1
DXDJ8C046_BKP_110,DXDJ8C046,BKP,110,10025,1,60,scarce,1
DXDJ8C046_BKP_110,DXDJ8C046,BKP,110,30054,1,60,scarce,1
DXDJ8C046_BKP_110,DXDJ8C046,BKP,110,10011,1,60,scarce,1
DXDJ8C046_BKP_110,DXDJ8C046,BKP,110,50210,1,60,scarce,1
DXDJ8C046_BKP_110,DXDJ8C046,BKP,110,50193,1,60,scarce,1
DXDJ8C046_BKP_110,DXDJ8C046,BKP,110,10087,1,60,scarce,1
DXDJ8C046_BKP_110,DXDJ8C046,BKP,110,10097,1,60,scarce,1
DXDJ8C046_BKP_110,DXDJ8C046,BKP,110,10046,1,60,scarce,1
DXDJ8C046_BKP_110,DXDJ8C046,BKP,110,50186,1,60,scarce,1
DXDJ8C046_BKP_110,DXDJ8C046,BKP,110,10021,1,60,scarce,1
DXDJ8C046_BKP_110,DXDJ8C046,BKP,110,50101,1,60,scarce,1
DXDJ8C046_BKP_110,DXDJ8C046,BKP,110,10027,1,60,scarce,1
DXDJ8C046_BKP_110,DXDJ8C046,BKP,110,30037,1,60,scarce,1
DXDJ8C046_BKP_110,DXDJ8C046,BKP,110,10057,1,60,scarce,1
DXDJ8C046_BKP_110,DXDJ8C046,BKP,110,50146,1,60,scarce,1
DXDJ8C046_BKP_110,DXDJ8C046,BKP,110,10091,1,60,scarce,1
DXDJ8C046_BKP_110,DXDJ8C046,BKP,110,50162,1,60,scarce,1
DXDJ8C046_BKP_110,DXDJ8C046,BKP,110,30031,1,60,scarce,1
DXDJ8C046_BKP_110,DXDJ8C046,BKP,110,10060,1,60,scarce,1
DXDJ8C046_BKP_110,DXDJ8C046,BKP,110,50053,1,60,scarce,1
DXDJ8C046_BKP_110,DXDJ8C046,BKP,110,10044,1,60,scarce,1
DXDJ8C046_BKP_110,DXDJ8C046,BKP,110,10063,1,60,scarce,1
DXDJ8C046_BKP_110,DXDJ8C046,BKP,110,10078,1,60,scarce,1
DXDJ8C046_BKP_110,DXDJ8C046,BKP,110,10023,1,60,scarce,1
DXDJ8C046_BKP_110,DXDJ8C046,BKP,110,50134,1,60,scarce,1
DXDJ8C046_BKP_110,DXDJ8C046,BKP,110,50151,1,60,scarce,1
DXDJ8C046_BKP_110,DXDJ8C046,BKP,110,50007,1,60,scarce,1
DXDJ8C046_BKP_110,DXDJ8C046,BKP,110,10004,1,60,scarce,1
DXDJ8C046_BKP_110,DXDJ8C046,BKP,110,10079,1,60,scarce,1
DXDJ8C046_BKP_110,DXDJ8C046,BKP,110,30028,1,60,scarce,1
DXDJ8C046_BKP_110,DXDJ8C046,BKP,110,30022,1,60,scarce,1
DXDJ8C046_BKP_110,DXDJ8C046,BKP,110,10059,1,60,scarce,1
DXDJ8C046_BKP_110,DXDJ8C046,BKP,110,10043,1,60,scarce,1
DXDJ8C046_BKP_110,DXDJ8C046,BKP,110,30015,1,60,scarce,1
DXDJ8C046_BKP_110,DXDJ8C046,BKP,110,50057,1,60,scarce,1
DXDJ8C046_BKS_90,DXDJ8C046,BKS,90,30019,143,640,abundant,0
DXDJ8C046_BKS_90,DXDJ8C046,BKS,90,30007,497,640,abundant,0
DXDJ8C046_BKS_95,DXDJ8C046,BKS,95,30019,2150,2150,abundant,0
DXDJ8C046_BKS_100,DXDJ8C046,BKS,100,30040,313,3360,abundant,0
DXDJ8C046_BKS_100,DXDJ8C046,BKS,100,30025,6,3360,abundant,0
DXDJ8C046_BKS_100,DXDJ8C046,BKS,100,30019,1476,3360,abundant,0
DXDJ8C046_BKS_100,DXDJ8C046,BKS,100,30039,47,3360,abundant,0
DXDJ8C046_BKS_100,DXDJ8C046,BKS,100,10011,97,3360,abundant,0
DXDJ8C046_BKS_100,DXDJ8C046,BKS,100,10021,116,3360,abundant,0
DXDJ8C046_BKS_100,DXDJ8C046,BKS,100,10060,497,3360,abundant,0
DXDJ8C046_BKS_100,DXDJ8C046,BKS,100,10063,311,3360,abundant,0
DXDJ8C046_BKS_100,DXDJ8C046,BKS,100,30028,497,3360,abundant,0
DXDJ8C046_BKS_105,DXDJ8C046,BKS,105,30019,2780,2780,abundant,0
DXDJ8C046_BKS_110,DXDJ8C046,BKS,110,30019,1270,1270,abundant,0
DXDJ8C046_BKS_92,DXDJ8C046,BKS,92,30019,303,800,abundant,0
DXDJ8C046_BKS_92,DXDJ8C046,BKS,92,10004,497,800,abundant,0
DXDJ8C046_GRN_90,DXDJ8C046,GRN,90,10021,120,120,abundant,0
DXDJ8C046_GRN_95,DXDJ8C046,GRN,95,30019,370,370,abundant,0
DXDJ8C046_GRN_100,DXDJ8C046,GRN,100,30019,184,680,abundant,0
DXDJ8C046_GRN_100,DXDJ8C046,GRN,100,30054,496,680,abundant,0
DXDJ8C046_GRN_105,DXDJ8C046,GRN,105,30019,410,410,abundant,0
DXDJ8C046_GRN_110,DXDJ8C046,GRN,110,10018,120,120,abundant,0
DXDJ8C046_GRN_92,DXDJ8C046,GRN,92,50077,100,100,abundant,0
DXDJ8C046_GRP_90,DXDJ8C046,GRP,90,30025,1,40,scarce,1
DXDJ8C046_GRP_90,DXDJ8C046,GRP,90,10050,1,40,scarce,1
DXDJ8C046_GRP_90,DXDJ8C046,GRP,90,30041,1,40,scarce,1
DXDJ8C046_GRP_90,DXDJ8C046,GRP,90,30035,1,40,scarce,1
DXDJ8C046_GRP_90,DXDJ8C046,GRP,90,30011,1,40,scarce,1
DXDJ8C046_GRP_90,DXDJ8C046,GRP,90,50195,1,40,scarce,1
DXDJ8C046_GRP_90,DXDJ8C046,GRP,90,50023,1,40,scarce,1
DXDJ8C046_GRP_90,DXDJ8C046,GRP,90,10061,1,40,scarce,1
DXDJ8C046_GRP_90,DXDJ8C046,GRP,90,30049,1,40,scarce,1
DXDJ8C046_GRP_90,DXDJ8C046,GRP,90,30053,1,40,scarce,1
DXDJ8C046_GRP_90,DXDJ8C046,GRP,90,10077,1,40,scarce,1
DXDJ8C046_GRP_90,DXDJ8C046,GRP,90,50065,1,40,scarce,1
DXDJ8C046_GRP_90,DXDJ8C046,GRP,90,10056,1,40,scarce,1
DXDJ8C046_GRP_90,DXDJ8C046,GRP,90,10025,1,40,scarce,1
DXDJ8C046_GRP_90,DXDJ8C046,GRP,90,30054,1,40,scarce,1
DXDJ8C046_GRP_90,DXDJ8C046,GRP,90,50210,1,40,scarce,1
DXDJ8C046_GRP_90,DXDJ8C046,GRP,90,10087,1,40,scarce,1
DXDJ8C046_GRP_90,DXDJ8C046,GRP,90,10097,1,40,scarce,1
DXDJ8C046_GRP_90,DXDJ8C046,GRP,90,10046,1,40,scarce,1
DXDJ8C046_GRP_90,DXDJ8C046,GRP,90,50186,1,40,scarce,1
DXDJ8C046_GRP_90,DXDJ8C046,GRP,90,10021,1,40,scarce,1
DXDJ8C046_GRP_90,DXDJ8C046,GRP,90,50101,1,40,scarce,1
DXDJ8C046_GRP_90,DXDJ8C046,GRP,90,10027,1,40,scarce,1
DXDJ8C046_GRP_90,DXDJ8C046,GRP,90,30037,1,40,scarce,1
DXDJ8C046_GRP_90,DXDJ8C046,GRP,90,50146,1,40,scarce,1
DXDJ8C046_GRP_90,DXDJ8C046,GRP,90,10060,1,40,scarce,1
DXDJ8C046_GRP_90,DXDJ8C046,GRP,90,50053,1,40,scarce,1
DXDJ8C046_GRP_90,DXDJ8C046,GRP,90,10063,1,40,scarce,1
DXDJ8C046_GRP_90,DXDJ8C046,GRP,90,10078,1,40,scarce,1
DXDJ8C046_GRP_90,DXDJ8C046,GRP,90,10023,1,40,scarce,1
DXDJ8C046_GRP_90,DXDJ8C046,GRP,90,50134,1,40,scarce,1
DXDJ8C046_GRP_90,DXDJ8C046,GRP,90,50151,1,40,scarce,1
DXDJ8C046_GRP_90,DXDJ8C046,GRP,90,50007,1,40,scarce,1
DXDJ8C046_GRP_90,DXDJ8C046,GRP,90,10004,1,40,scarce,1
DXDJ8C046_GRP_90,DXDJ8C046,GRP,90,10079,1,40,scarce,1
DXDJ8C046_GRP_90,DXDJ8C046,GRP,90,30028,1,40,scarce,1
DXDJ8C046_GRP_90,DXDJ8C046,GRP,90,30022,1,40,scarce,1
DXDJ8C046_GRP_90,DXDJ8C046,GRP,90,10059,1,40,scarce,1
DXDJ8C046_GRP_90,DXDJ8C046,GRP,90,10043,1,40,scarce,1
DXDJ8C046_GRP_90,DXDJ8C046,GRP,90,50057,1,40,scarce,1
DXDJ8C046_GRP_95,DXDJ8C046,GRP,95,50023,110,110,abundant,0
DXDJ8C046_GRP_100,DXDJ8C046,GRP,100,30043,160,160,abundant,0
DXDJ8C046_GRP_105,DXDJ8C046,GRP,105,10055,130,130,abundant,0
DXDJ8C046_GRP_110,DXDJ8C046,GRP,110,30040,1,60,scarce,1
DXDJ8C046_GRP_110,DXDJ8C046,GRP,110,30019,1,60,scarce,1
DXDJ8C046_GRP_110,DXDJ8C046,GRP,110,10070,1,60,scarce,1
DXDJ8C046_GRP_110,DXDJ8C046,GRP,110,10007,1,60,scarce,1
DXDJ8C046_GRP_110,DXDJ8C046,GRP,110,30038,1,60,scarce,1
DXDJ8C046_GRP_110,DXDJ8C046,GRP,110,30044,1,60,scarce,1
DXDJ8C046_GRP_110,DXDJ8C046,GRP,110,30032,1,60,scarce,1
DXDJ8C046_GRP_110,DXDJ8C046,GRP,110,30042,1,60,scarce,1
DXDJ8C046_GRP_110,DXDJ8C046,GRP,110,30045,1,60,scarce,1
DXDJ8C046_GRP_110,DXDJ8C046,GRP,110,10018,1,60,scarce,1
DXDJ8C046_GRP_110,DXDJ8C046,GRP,110,30051,1,60,scarce,1
DXDJ8C046_GRP_110,DXDJ8C046,GRP,110,30039,1,60,scarce,1
DXDJ8C046_GRP_110,DXDJ8C046,GRP,110,30016,1,60,scarce,1
DXDJ8C046_GRP_110,DXDJ8C046,GRP,110,50077,1,60,scarce,1
DXDJ8C046_GRP_110,DXDJ8C046,GRP,110,30007,1,60,scarce,1
DXDJ8C046_GRP_110,DXDJ8C046,GRP,110,50185,1,60,scarce,1
DXDJ8C046_GRP_110,DXDJ8C046,GRP,110,30023,1,60,scarce,1
DXDJ8C046_GRP_110,DXDJ8C046,GRP,110,50096,1,60,scarce,1
DXDJ8C046_GRP_110,DXDJ8C046,GRP,110,50001,1,60,scarce,1
DXDJ8C046_GRP_110,DXDJ8C046,GRP,110,30024,1,60,scarce,1
DXDJ8C046_GRP_110,DXDJ8C046,GRP,110,10069,1,60,scarce,1
DXDJ8C046_GRP_110,DXDJ8C046,GRP,110,30020,1,60,scarce,1
DXDJ8C046_GRP_110,DXDJ8C046,GRP,110,10047,1,60,scarce,1
DXDJ8C046_GRP_110,DXDJ8C046,GRP,110,30046,1,60,scarce,1
DXDJ8C046_GRP_110,DXDJ8C046,GRP,110,10096,1,60,scarce,1
DXDJ8C046_GRP_110,DXDJ8C046,GRP,110,50089,1,60,scarce,1
DXDJ8C046_GRP_110,DXDJ8C046,GRP,110,10068,1,60,scarce,1
DXDJ8C046_GRP_110,DXDJ8C046,GRP,110,10075,1,60,scarce,1
DXDJ8C046_GRP_110,DXDJ8C046,GRP,110,10064,1,60,scarce,1
DXDJ8C046_GRP_110,DXDJ8C046,GRP,110,10003,1,60,scarce,1
DXDJ8C046_GRP_110,DXDJ8C046,GRP,110,10011,1,60,scarce,1
DXDJ8C046_GRP_110,DXDJ8C046,GRP,110,30033,1,60,scarce,1
DXDJ8C046_GRP_110,DXDJ8C046,GRP,110,30010,1,60,scarce,1
DXDJ8C046_GRP_110,DXDJ8C046,GRP,110,50118,1,60,scarce,1
DXDJ8C046_GRP_110,DXDJ8C046,GRP,110,50193,1,60,scarce,1
DXDJ8C046_GRP_110,DXDJ8C046,GRP,110,50074,1,60,scarce,1
DXDJ8C046_GRP_110,DXDJ8C046,GRP,110,50205,1,60,scarce,1
DXDJ8C046_GRP_110,DXDJ8C046,GRP,110,10055,1,60,scarce,1
DXDJ8C046_GRP_110,DXDJ8C046,GRP,110,50126,1,60,scarce,1
DXDJ8C046_GRP_110,DXDJ8C046,GRP,110,10057,1,60,scarce,1
DXDJ8C046_GRP_110,DXDJ8C046,GRP,110,30043,1,60,scarce,1
DXDJ8C046_GRP_110,DXDJ8C046,GRP,110,10009,1,60,scarce,1
DXDJ8C046_GRP_110,DXDJ8C046,GRP,110,10091,1,60,scarce,1
DXDJ8C046_GRP_110,DXDJ8C046,GRP,110,50207,1,60,scarce,1
DXDJ8C046_GRP_110,DXDJ8C046,GRP,110,10035,1,60,scarce,1
DXDJ8C046_GRP_110,DXDJ8C046,GRP,110,50098,1,60,scarce,1
DXDJ8C046_GRP_110,DXDJ8C046,GRP,110,30030,1,60,scarce,1
DXDJ8C046_GRP_110,DXDJ8C046,GRP,110,50162,1,60,scarce,1
DXDJ8C046_GRP_110,DXDJ8C046,GRP,110,30034,1,60,scarce,1
DXDJ8C046_GRP_110,DXDJ8C046,GRP,110,30031,1,60,scarce,1
DXDJ8C046_GRP_110,DXDJ8C046,GRP,110,10038,1,60,scarce,1
DXDJ8C046_GRP_110,DXDJ8C046,GRP,110,50180,1,60,scarce,1
DXDJ8C046_GRP_110,DXDJ8C046,GRP,110,50121,1,60,scarce,1
DXDJ8C046_GRP_110,DXDJ8C046,GRP,110,50063,1,60,scarce,1
DXDJ8C046_GRP_110,DXDJ8C046,GRP,110,50120,1,60,scarce,1
DXDJ8C046_GRP_110,DXDJ8C046,GRP,110,50179,1,60,scarce,1
DXDJ8C046_GRP_110,DXDJ8C046,GRP,110,10044,1,60,scarce,1
DXDJ8C046_GRP_110,DXDJ8C046,GRP,110,50106,1,60,scarce,1
DXDJ8C046_GRP_110,DXDJ8C046,GRP,110,10053,1,60,scarce,1
DXDJ8C046_GRP_110,DXDJ8C046,GRP,110,30015,1,60,scarce,1
DXDJ8C046_GRS_90,DXDJ8C046,GRS,90,30019,280,280,abundant,0
DXDJ8C046_GRS_95,DXDJ8C046,GRS,95,30019,770,770,abundant,0
DXDJ8C046_GRS_100,DXDJ8C046,GRS,100,10025,140,1120,abundant,0
DXDJ8C046_GRS_100,DXDJ8C046,GRS,100,50205,483,1120,abundant,0
DXDJ8C046_GRS_100,DXDJ8C046,GRS,100,30022,497,1120,abundant,0
DXDJ8C046_GRS_105,DXDJ8C046,GRS,105,30019,930,930,abundant,0
DXDJ8C046_GRS_110,DXDJ8C046,GRS,110,30035,400,400,abundant,0
DXDJ8C046_IVS_90,DXDJ8C046,IVS,90,30039,370,370,abundant,0
DXDJ8C046_IVS_95,DXDJ8C046,IVS,95,30019,223,720,abundant,0
DXDJ8C046_IVS_95,DXDJ8C046,IVS,95,50001,497,720,abundant,0
DXDJ8C046_IVS_100,DXDJ8C046,IVS,100,30019,540,540,abundant,0
DXDJ8C046_IVS_105,DXDJ8C046,IVS,105,10050,470,470,abundant,0
DXDJ8C046_IVS_110,DXDJ8C046,IVS,110,30019,94,100,abundant,0
DXDJ8C046_IVS_110,DXDJ8C046,IVS,110,30032,6,100,abundant,0
DXDJ8C046_OLD_95,DXDJ8C046,OLD,95,30019,10,180,abundant,0
DXDJ8C046_OLD_95,DXDJ8C046,OLD,95,10059,170,180,abundant,0
DXDJ8C046_OLD_100,DXDJ8C046,OLD,100,30043,320,320,abundant,0
DXDJ8C046_OLD_105,DXDJ8C046,OLD,105,30033,270,270,abundant,0
DXDJ8C046_OLD_110,DXDJ8C046,OLD,110,10009,120,120,abundant,0
DXDJ8C046_OLD_92,DXDJ8C046,OLD,92,30049,110,110,abundant,0
DXMT33044_BES_90,DXMT33044,BES,90,30044,340,340,abundant,0
DXMT33044_BES_95,DXMT33044,BES,95,30010,497,830,abundant,0
DXMT33044_BES_95,DXMT33044,BES,95,50193,333,830,abundant,0
DXMT33044_BES_100,DXMT33044,BES,100,30019,1230,1230,abundant,0
DXMT33044_BES_105,DXMT33044,BES,105,30019,890,890,abundant,0
DXMT33044_BES_110,DXMT33044,BES,110,30019,510,510,abundant,0
DXMT33044_BKS_85,DXMT33044,BKS,85,10035,300,300,abundant,0
DXMT33044_BKS_90,DXMT33044,BKS,90,30040,441,1000,abundant,0
DXMT33044_BKS_90,DXMT33044,BKS,90,10091,496,1000,abundant,0
DXMT33044_BKS_90,DXMT33044,BKS,90,30015,63,1000,abundant,0
DXMT33044_BKS_95,DXMT33044,BKS,95,10047,497,1920,abundant,0
DXMT33044_BKS_95,DXMT33044,BKS,95,10064,497,1920,abundant,0
DXMT33044_BKS_95,DXMT33044,BKS,95,50120,497,1920,abundant,0
DXMT33044_BKS_95,DXMT33044,BKS,95,50053,429,1920,abundant,0
DXMT33044_BKS_100,DXMT33044,BKS,100,30019,1764,2260,abundant,0
DXMT33044_BKS_100,DXMT33044,BKS,100,50195,496,2260,abundant,0
DXMT33044_BKS_105,DXMT33044,BKS,105,30019,371,1860,abundant,0
DXMT33044_BKS_105,DXMT33044,BKS,105,30042,496,1860,abundant,0
DXMT33044_BKS_105,DXMT33044,BKS,105,50089,497,1860,abundant,0
DXMT33044_BKS_105,DXMT33044,BKS,105,50065,496,1860,abundant,0
DXMT33044_BKS_110,DXMT33044,BKS,110,30019,663,1160,abundant,0
DXMT33044_BKS_110,DXMT33044,BKS,110,30030,497,1160,abundant,0
DXMT33044_CRS_85,DXMT33044,CRS,85,10011,400,400,abundant,0
DXMT33044_CRS_90,DXMT33044,CRS,90,30025,713,1100,abundant,0
DXMT33044_CRS_90,DXMT33044,CRS,90,30049,387,1100,abundant,0
DXMT33044_CRS_95,DXMT33044,CRS,95,10087,496,1500,abundant,0
DXMT33044_CRS_95,DXMT33044,CRS,95,10021,260,1500,abundant,0
DXMT33044_CRS_95,DXMT33044,CRS,95,10055,367,1500,abundant,0
DXMT33044_CRS_95,DXMT33044,CRS,95,10009,377,1500,abundant,0
DXMT33044_CRS_100,DXMT33044,CRS,100,30019,1350,1350,abundant,0
DXMT33044_CRS_105,DXMT33044,CRS,105,30019,780,780,abundant,0
DXMT33044_CRS_110,DXMT33044,CRS,110,30016,470,470,abundant,0
DXMT33044_MGL_85,DXMT33044,MGL,85,10077,130,130,abundant,0
DXMT33044_MGL_90,DXMT33044,MGL,90,30019,223,720,abundant,0
DXMT33044_MGL_90,DXMT33044,MGL,90,10027,497,720,abundant,0
DXMT33044_MGL_95,DXMT33044,MGL,95,30019,1200,1200,abundant,0
DXMT33044_MGL_100,DXMT33044,MGL,100,30019,1480,1480,abundant,0
DXMT33044_MGL_105,DXMT33044,MGL,105,30019,1040,1040,abundant,0
DXMT33044_MGL_110,DXMT33044,MGL,110,30019,530,530,abundant,0
DXMT33044_OLS_90,DXMT33044,OLS,90,30019,170,170,abundant,0
DXMT33044_OLS_95,DXMT33044,OLS,95,30019,320,320,abundant,0
DXMT33044_OLS_100,DXMT33044,OLS,100,30019,470,470,abundant,0
DXMT33044_OLS_105,DXMT33044,OLS,105,10096,370,370,abundant,0
DXMT33044_OLS_110,DXMT33044,OLS,110,30041,156,170,abundant,0
DXMT33044_OLS_110,DXMT33044,OLS,110,50205,14,170,abundant,0
DXMT33044_PPD_85,DXMT33044,PPD,85,30019,100,100,abundant,0
DXMT33044_PPD_90,DXMT33044,PPD,90,30044,157,350,abundant,0
DXMT33044_PPD_90,DXMT33044,PPD,90,10057,96,350,abundant,0
DXMT33044_PPD_90,DXMT33044,PPD,90,50180,97,350,abundant,0
DXMT33044_PPD_95,DXMT33044,PPD,95,50118,57,430,abundant,0
DXMT33044_PPD_95,DXMT33044,PPD,95,50162,373,430,abundant,0
DXMT33044_PPD_100,DXMT33044,PPD,100,30019,340,340,abundant,0
DXMT33044_PPD_105,DXMT33044,PPD,105,10035,180,180,abundant,0
DXMT33044_PPD_110,DXMT33044,PPD,110,30031,100,100,abundant,0
DXMT33044_TQS_90,DXMT33044,TQS,90,50193,164,350,abundant,0
DXMT33044_TQS_90,DXMT33044,TQS,90,10063,186,350,abundant,0
DXMT33044_TQS_95,DXMT33044,TQS,95,30037,497,630,abundant,0
DXMT33044_TQS_95,DXMT33044,TQS,95,10057,133,630,abundant,0
DXMT33044_TQS_100,DXMT33044,TQS,100,10056,433,930,abundant,0
DXMT33044_TQS_100,DXMT33044,TQS,100,10003,497,930,abundant,0
DXMT33044_TQS_105,DXMT33044,TQS,105,30019,243,740,abundant,0
DXMT33044_TQS_105,DXMT33044,TQS,105,50151,497,740,abundant,0
DXMT33044_TQS_110,DXMT33044,TQS,110,30019,350,350,abundant,0
